,RMSE,MAE,R²,MAPE,Directional_Accuracy
MLP_ABCB4,0.2775872535301293,0.21374308619379465,0.9095567285138038,51.26729242590899,92.83489096573209
